ID,First name,Last name,Age,E-mail
1,Adamo,Wragge,20,awragge0@goo.gl
2,Dwight,Totterdill,51,dtotterdill1@mit.edu
3,Katerine,Filyaev,52,kfilyaev2@infoseek.co.jp
4,Tuck,Longfield,54,tlongfield3@angelfire.com
5,Sharlene,Fearnside,35,sfearnside4@fda.gov
6,Alejandra,Bortolazzi,31,abortolazzi5@hatena.ne.jp
7,Farleigh,Pengilly,19,fpengilly6@weather.com
8,Chrysa,Blackham,21,cblackham7@meetup.com
9,Gusella,Bradnum,27,gbradnum8@feedburner.com
10,Lexy,Cuell,47,lcuell9@usgs.gov
11,Addy,Pancost,50,apancosta@springer.com
12,Nertie,McKeefry,19,nmckeefryb@apple.com
13,Collete,Adshad,29,cadshadc@jalbum.net
14,Joyce,Weafer,44,jweaferd@google.es
15,Felizio,Frentz,53,ffrentze@cnet.com
16,Ravid,Anwyl,23,ranwylf@bloglovin.com
17,Ody,Eagers,42,oeagersg@utexas.edu
18,Leda,D'Ambrosio,26,ldambrosioh@sourceforge.net
19,Tomlin,Reubel,52,treubeli@woothemes.com
20,Nerta,Kloster,52,nklosterj@dailymotion.com
21,Brana,Carlill,39,bcarlillk@reference.com
22,Sebastiano,Jiroudek,48,sjiroudekl@dyndns.org
23,Rolfe,Innwood,18,rinnwoodm@canalblog.com
24,Garrott,Rosenstein,24,grosensteinn@hao123.com
25,Brunhilda,Sarra,48,bsarrao@dailymail.co.uk
26,Lissi,Andriss,47,landrissp@mapquest.com
27,Anallese,Aspel,31,aaspelq@freewebs.com
28,Aleda,Darrow,52,adarrowr@ebay.com
29,Kissiah,Spear,47,kspears@cocolog-nifty.com
30,Hamlin,Weldrake,39,hweldraket@i2i.jp
31,Aimee,Scrivenor,29,ascrivenoru@photobucket.com
32,Chauncey,Courtonne,53,ccourtonnev@sogou.com
33,Daisie,Tiffin,44,dtiffinw@last.fm
34,Isak,Gartland,19,igartlandx@msu.edu
35,Roxy,Zamora,25,rzamoray@latimes.com
36,Lazaro,Dunnet,20,ldunnetz@spiegel.de
37,Judye,Lepere,54,jlepere10@surveymonkey.com
38,Reinaldos,Coverlyn,32,rcoverlyn11@blogtalkradio.com
39,Hanni,Bellringer,41,hbellringer12@rakuten.co.jp
40,Theodore,Enrico,41,tenrico13@newsvine.com
41,Danni,Hollyer,19,dhollyer14@japanpost.jp
42,Jerald,Lathom,27,jlathom15@cnbc.com
43,Gracie,Sayles,41,gsayles16@columbia.edu
44,Domenic,Daniaud,53,ddaniaud17@yahoo.co.jp
45,Gregorius,Conigsby,19,gconigsby18@xrea.com
46,Lira,Martin,48,lmartin19@wired.com
47,Jaine,Gerdes,41,jgerdes1a@indiegogo.com
48,Carmina,Haithwaite,35,chaithwaite1b@columbia.edu
49,Gerhardt,Rollings,24,grollings1c@phoca.cz
50,Wayne,Grigoli,39,wgrigoli1d@prweb.com
51,Corie,Marians,46,cmarians1e@loc.gov
52,Jourdain,MacCarter,32,jmaccarter1f@army.mil
53,Antoni,Goulborn,25,agoulborn1g@state.tx.us
54,Ferd,Whitmell,39,fwhitmell1h@netscape.com
55,Vidovic,Theis,18,vtheis1i@scribd.com
56,Curt,Kiledal,40,ckiledal1j@trellian.com
57,Fey,Kinzett,29,fkinzett1k@omniture.com
58,Edith,Bente,43,ebente1l@gravatar.com
59,Rycca,Deyes,43,rdeyes1m@cisco.com
60,Justino,Becket,33,jbecket1n@a8.net
61,Chrysa,Jecock,52,cjecock1o@icq.com
62,Gunilla,Nathon,24,gnathon1p@alibaba.com
63,Gerik,Schulken,36,gschulken1q@discovery.com
64,Bronny,Calafate,38,bcalafate1r@shareasale.com
65,Lenora,Hallen,18,lhallen1s@webmd.com
66,Kermit,Fearenside,47,kfearenside1t@wikia.com
67,Ricky,Scutter,39,rscutter1u@myspace.com
68,Germaine,Rice,45,grice1v@gmpg.org
69,Tim,Lacase,34,tlacase1w@posterous.com
70,Neel,Cristobal,27,ncristobal1x@umn.edu
71,Leland,Kier,49,lkier1y@instagram.com
72,Pansy,Eixenberger,49,peixenberger1z@elegantthemes.com
73,Denni,Dolley,28,ddolley20@ocn.ne.jp
74,Natasha,Errichelli,44,nerrichelli21@eepurl.com
75,Cyril,Willox,45,cwillox22@weibo.com
76,Vivyan,Dameisele,46,vdameisele23@tripod.com
77,Gasper,Cecil,33,gcecil24@com.com
78,Sybila,Sleit,47,ssleit25@usnews.com
79,Linnie,De Michele,47,ldemichele26@pbs.org
80,Evaleen,Hallard,50,ehallard27@economist.com
81,Alidia,Chipman,18,achipman28@alexa.com
82,Damaris,Romera,42,dromera29@nbcnews.com
83,Rob,Verbrugghen,24,rverbrugghen2a@icio.us
84,Cristian,Matonin,23,cmatonin2b@engadget.com
85,Jeanie,Bosket,57,jbosket2c@google.pl
86,Hadlee,Taplin,33,htaplin2d@youku.com
87,Mahala,Peers,21,mpeers2e@sitemeter.com
88,Haydon,Reary,44,hreary2f@senate.gov
89,Cherey,Foxworthy,23,cfoxworthy2g@cargocollective.com
90,Rona,Nettles,49,rnettles2h@e-recht24.de
91,Giffard,Stower,30,gstower2i@wikipedia.org
92,Klara,Egan,32,kegan2j@umich.edu
93,Malinde,Brower,44,mbrower2k@skype.com
94,John,Telega,18,jtelega2l@linkedin.com
95,Mabelle,Ferneley,22,mferneley2m@dell.com
96,Cirstoforo,Cunningham,52,ccunningham2n@tuttocitta.it
97,Orland,McGreal,35,omcgreal2o@mozilla.com
98,Odie,Olcot,46,oolcot2p@yelp.com
99,Bartholemy,Shark,55,bshark2q@cocolog-nifty.com
100,Amaleta,Yanuk,37,ayanuk2r@google.co.uk
101,Berrie,Brosel,43,bbrosel2s@hatena.ne.jp
102,Marcie,Ockland,43,mockland2t@europa.eu
103,Freddie,Dray,53,fdray2u@amazon.co.jp
104,Alessandro,Isherwood,47,aisherwood2v@wix.com
105,Cozmo,Cobson,26,ccobson2w@i2i.jp
106,Demott,Kamall,45,dkamall2x@toplist.cz
107,Ephrem,Shipman,37,eshipman2y@mozilla.com
108,Etti,Ingledew,36,eingledew2z@tumblr.com
109,Weider,Birtle,47,wbirtle30@live.com
110,Colin,Tipling,48,ctipling31@cocolog-nifty.com
111,Faith,Floweth,35,ffloweth32@squidoo.com
112,Thorsten,Bohin,54,tbohin33@cnn.com
113,Nixie,Woolston,49,nwoolston34@mysql.com
114,Aleece,Messruther,21,amessruther35@twitpic.com
115,Jesselyn,Vynoll,56,jvynoll36@sun.com
116,Marthena,Lidington,54,mlidington37@nasa.gov
117,Ange,Axup,58,aaxup38@marriott.com
118,Carmella,Janny,25,cjanny39@foxnews.com
119,Zachary,Hoggan,38,zhoggan3a@elegantthemes.com
120,Bevin,Goodbur,49,bgoodbur3b@chicagotribune.com
121,Kikelia,Vockins,46,kvockins3c@indiatimes.com
122,Sybilla,Petch,45,spetch3d@51.la
123,Sheppard,Garnsworth,42,sgarnsworth3e@usda.gov
124,Mabel,Fyers,23,mfyers3f@netvibes.com
125,Hailee,Ratnege,53,hratnege3g@salon.com
126,Heall,Blenkensop,43,hblenkensop3h@springer.com
127,Linet,Etheridge,43,letheridge3i@devhub.com
128,Fowler,Tilburn,52,ftilburn3j@paypal.com
129,Andriette,Luchetti,31,aluchetti3k@privacy.gov.au
130,Mollee,Novotni,52,mnovotni3l@addthis.com
131,Kellia,Hundal,56,khundal3m@google.it
132,Selestina,Hearnden,26,shearnden3n@free.fr
133,Bill,O'Dempsey,47,bodempsey3o@so-net.ne.jp
134,Kele,Scoble,23,kscoble3p@about.com
135,Angelique,Kingescot,22,akingescot3q@booking.com
136,Fairlie,Cardenas,33,fcardenas3r@google.com
137,Caitlin,Wegner,41,cwegner3s@issuu.com
138,Aeriel,Tomaschke,22,atomaschke3t@cbc.ca
139,Florian,Furbank,24,ffurbank3u@wp.com
140,Kai,Peggrem,22,kpeggrem3v@globo.com
141,Theda,Rayer,29,trayer3w@is.gd
142,Zacharie,McGuffog,30,zmcguffog3x@nhs.uk
143,Alanah,Momford,19,amomford3y@homestead.com
144,Barclay,Pudge,22,bpudge3z@diigo.com
145,Lorne,Lewry,32,llewry40@fema.gov
146,Verge,McWhinnie,48,vmcwhinnie41@dmoz.org
147,Sydney,Calder,27,scalder42@wix.com
148,Sindee,Clelland,46,sclelland43@ucoz.ru
149,Davida,Wrettum,39,dwrettum44@redcross.org
150,Vyky,Richly,25,vrichly45@bluehost.com
151,Travers,Croneen,47,tcroneen46@reuters.com
152,Vannie,Jacks,47,vjacks47@printfriendly.com
153,Liva,Domenicone,18,ldomenicone48@harvard.edu
154,Vinni,Talbot,23,vtalbot49@gizmodo.com
155,Payton,Tant,41,ptant4a@networksolutions.com
156,Mischa,MacGeffen,24,mmacgeffen4b@ucsd.edu
157,Callie,Whyteman,30,cwhyteman4c@imageshack.us
158,Harcourt,Matyushkin,44,hmatyushkin4d@drupal.org
159,Eliot,Wildey,38,ewildey4e@t.co
160,Ryley,Pett,22,rpett4f@psu.edu
161,Lainey,Sisey,26,lsisey4g@mapy.cz
162,Sonny,Dovington,58,sdovington4h@pbs.org
163,Carena,Merriman,55,cmerriman4i@nih.gov
164,Gram,Ceschelli,19,gceschelli4j@nymag.com
165,Kort,Risborough,43,krisborough4k@fc2.com
166,Bordie,Flippini,42,bflippini4l@oracle.com
167,Teena,McCue,40,tmccue4m@bloglines.com
168,Averill,Pideon,33,apideon4n@jiathis.com
169,Aretha,Constance,49,aconstance4o@ustream.tv
170,Selia,Lambshine,33,slambshine4p@dyndns.org
171,Melony,Simco,21,msimco4q@reuters.com
172,Thomasine,Kleinhausen,50,tkleinhausen4r@g.co
173,Reinald,MacMenemy,46,rmacmenemy4s@spotify.com
174,Vittoria,Kordes,31,vkordes4t@unicef.org
175,Jimmie,Harral,21,jharral4u@samsung.com
176,Celestia,Scarlin,58,cscarlin4v@webeden.co.uk
177,Susannah,Clitheroe,46,sclitheroe4w@clickbank.net
178,Pebrook,Ghilks,37,pghilks4x@gnu.org
179,Winifred,Asaaf,55,wasaaf4y@moonfruit.com
180,Paolina,Sturzaker,20,psturzaker4z@loc.gov
181,Bekki,McRobb,58,bmcrobb50@delicious.com
182,Christye,Quipp,34,cquipp51@dropbox.com
183,Kittie,Scohier,35,kscohier52@xing.com
184,Rozanna,Yeell,30,ryeell53@shutterfly.com
185,Xenia,Paylie,36,xpaylie54@sun.com
186,Carlynne,Labitt,53,clabitt55@123-reg.co.uk
187,Garnette,Tiller,56,gtiller56@cnn.com
188,Roby,Brellin,35,rbrellin57@privacy.gov.au
189,Lionel,Stucksbury,24,lstucksbury58@independent.co.uk
190,Sibel,Melmoth,26,smelmoth59@cisco.com
191,Kimberli,Brunelleschi,31,kbrunelleschi5a@economist.com
192,Nelia,Acland,23,nacland5b@nytimes.com
193,Adela,Bohlje,21,abohlje5c@google.nl
194,Phedra,Piwell,56,ppiwell5d@1688.com
195,Emory,Buer,52,ebuer5e@boston.com
196,Isabelle,Blazy,46,iblazy5f@angelfire.com
197,Gunar,Schermick,53,gschermick5g@smh.com.au
198,Hedda,Dowrey,57,hdowrey5h@sina.com.cn
199,Sigvard,Coady,57,scoady5i@artisteer.com
200,Massimiliano,Sipson,37,msipson5j@joomla.org