id,first_name,last_name,email,gender,ip_address
1,Tudor,Bartoleynaaskjdlkasjdahskdjhasjkdhasjdasjkdhasd,tbartoleyn0@miitbeian.gov.cn,Female,2.172.235.180
2,Alina,Demcak,ademcak1@biblegateway.com,Male,25.38.196.252
3,Roxy,Haywood,rhaywood2@opera.com,Male,40.177.235.99
4,Odey,Delos,odelos3@discovery.com,Agender,211.2.242.176
5,Adrian,Dundridge,adundridge4@wufoo.com,Agender,210.121.11.104
6,Donica,Falkinder,dfalkinder5@kickstarter.com,Genderfluid,189.160.72.75
7,Jacobo,Brauns,jbrauns6@cisco.com,Male,230.70.113.144
8,Ashlee,Wilse,awilse7@weather.com,Bigender,229.166.150.57
9,Vanya,Ferry,vferry8@mtv.com,Female,21.200.131.154
10,Raff,Tarrier,rtarrier9@wordpress.com,Agender,138.0.46.82
11,Clyve,Cornels,ccornelsa@hostgator.com,Polygender,11.135.240.113
12,Carine,Roseman,crosemanb@wikipedia.org,Genderqueer,167.7.189.72
13,Fritz,Autin,fautinc@plala.or.jp,Genderfluid,249.134.130.211
14,Helen,Woan,hwoand@eventbrite.com,Female,219.150.121.237
15,Kirsteni,Bleckly,kblecklye@homestead.com,Male,130.59.218.53
16,Preston,Wilkisson,pwilkissonf@chron.com,Female,134.93.0.191
17,Chickie,Sutliff,csutliffg@ucla.edu,Female,245.254.47.243
18,Ralf,Karpets,rkarpetsh@smugmug.com,Female,43.48.175.87
19,Jordan,Lenglet,jlengleti@reuters.com,Agender,2.153.14.100
20,Pip,Dyers,pdyersj@wufoo.com,Genderfluid,252.98.98.93
21,Kerstin,Stuttman,kstuttmank@webeden.co.uk,Agender,36.199.249.17
22,Enrico,Norssister,enorssisterl@free.fr,Non-binary,51.38.244.205
23,Jannel,Clousley,jclousleym@pinterest.com,Bigender,55.124.50.163
24,Emilee,Bessey,ebesseyn@google.co.uk,Polygender,241.157.5.74
25,Zarla,Copes,zcopeso@latimes.com,Genderfluid,176.254.1.132
26,Alisha,Canavan,acanavanp@so-net.ne.jp,Polygender,168.17.172.39
27,Willie,Grzesiewicz,wgrzesiewiczq@photobucket.com,Genderqueer,64.105.145.123
28,Winfred,Petrenko,wpetrenkor@vimeo.com,Non-binary,85.76.52.58
29,Dorita,Kemmons,dkemmonss@blogtalkradio.com,Polygender,89.218.238.214
30,Bunnie,Jelf,bjelft@twitter.com,Genderfluid,48.118.218.100
31,Katey,Strathearn,kstrathearnu@tripod.com,Male,224.245.38.236
32,Julianne,Ferris,jferrisv@360.cn,Polygender,80.251.200.92
33,Clovis,Rickhuss,crickhussw@columbia.edu,Non-binary,101.191.161.132
34,Chrissie,Barnwille,cbarnwillex@jimdo.com,Male,115.24.91.4
35,Danila,Dorrance,ddorrancey@ed.gov,Polygender,11.64.219.200
36,Quintina,Benka,qbenkaz@biglobe.ne.jp,Non-binary,136.251.144.154
37,Harald,Nind,hnind10@nytimes.com,Genderfluid,154.71.81.219
38,Jacki,Racher,jracher11@virginia.edu,Male,191.255.174.129
39,Kinna,Hurl,khurl12@fastcompany.com,Genderqueer,222.190.200.147
40,Edy,Lage,elage13@bloglovin.com,Genderqueer,32.117.177.19
41,Carmita,Rawle,crawle14@disqus.com,Genderfluid,242.55.246.60
42,Ulises,Fahy,ufahy15@cornell.edu,Genderqueer,22.8.130.144
43,Dana,Orvis,dorvis16@mac.com,Male,187.231.150.129
44,Daisie,O'Deegan,dodeegan17@walmart.com,Polygender,63.70.98.248
45,Bernard,Blinkhorn,bblinkhorn18@desdev.cn,Genderqueer,243.246.84.181
46,Pamella,Lapping,plapping19@google.co.uk,Female,62.22.244.66
47,Georges,Coraini,gcoraini1a@canalblog.com,Genderfluid,192.171.223.146
48,Ulrich,McLemon,umclemon1b@phpbb.com,Male,5.105.239.95
49,Nissa,Pearson,npearson1c@shareasale.com,Agender,144.40.23.176
50,Claiborne,Dosdale,cdosdale1d@clickbank.net,Polygender,137.131.130.231
